-- phpMyAdmin SQL Dump
-- version 5.2.1
-- https://www.phpmyadmin.net/
--
-- Anamakine: 127.0.0.1
-- Üretim Zamanı: 14 Ağu 2025, 10:07:50
-- Sunucu sürümü: 10.4.32-MariaDB
-- PHP Sürümü: 8.0.30

SET SQL_MODE = "NO_AUTO_VALUE_ON_ZERO";
START TRANSACTION;
SET time_zone = "+00:00";


/*!40101 SET @OLD_CHARACTER_SET_CLIENT=@@CHARACTER_SET_CLIENT */;
/*!40101 SET @OLD_CHARACTER_SET_RESULTS=@@CHARACTER_SET_RESULTS */;
/*!40101 SET @OLD_COLLATION_CONNECTION=@@COLLATION_CONNECTION */;
/*!40101 SET NAMES utf8mb4 */;

--
-- Veritabanı: `pdks`
--

-- --------------------------------------------------------

--
-- Tablo için tablo yapısı `admin_users`
--

CREATE TABLE `admin_users` (
  `id` int(11) NOT NULL,
  `username` varchar(50) NOT NULL,
  `password` varchar(255) NOT NULL,
  `email` varchar(100) DEFAULT NULL,
  `full_name` varchar(100) DEFAULT NULL,
  `role` enum('admin','manager','supervisor') DEFAULT 'admin',
  `created_at` timestamp NOT NULL DEFAULT current_timestamp(),
  `last_login` timestamp NULL DEFAULT NULL,
  `is_active` tinyint(1) DEFAULT 1,
  `avatar_url` varchar(255) DEFAULT NULL
) ENGINE=InnoDB DEFAULT CHARSET=utf8mb4 COLLATE=utf8mb4_general_ci;

--
-- Tablo döküm verisi `admin_users`
--

INSERT INTO `admin_users` (`id`, `username`, `password`, `email`, `full_name`, `role`, `created_at`, `last_login`, `is_active`, `avatar_url`) VALUES
(1, 'admin', 'admin123', 'admin@company.com', 'No name', 'admin', '2025-07-30 11:42:33', '2025-08-08 07:29:01', 1, '/uploads/user_anon_1755088193316.png'),
(2, 'manager', 'manager123', 'manager@company.com', 'Department Manag', 'manager', '2025-07-30 11:42:33', NULL, 1, NULL),
(3, 'supervisor', 'supervisor123', 'supervisor@company.com', 'Team Supervisor', 'supervisor', '2025-07-30 11:42:33', NULL, 1, NULL);

-- --------------------------------------------------------

--
-- Tablo için tablo yapısı `leave_request`
--

CREATE TABLE `leave_request` (
  `request_id` int(11) NOT NULL,
  `personnel_per_id` int(11) NOT NULL,
  `request_start_date` date NOT NULL,
  `request_end_date` date NOT NULL,
  `request_date` timestamp NOT NULL DEFAULT current_timestamp(),
  `request_type` enum('Annual','Sick','Maternity','Paternity','Unpaid','Other') NOT NULL,
  `request_other` text DEFAULT NULL,
  `status` enum('Pending','Approved','Rejected','') NOT NULL
) ENGINE=InnoDB DEFAULT CHARSET=utf8mb4 COLLATE=utf8mb4_general_ci;

--
-- Tablo döküm verisi `leave_request`
--

INSERT INTO `leave_request` (`request_id`, `personnel_per_id`, `request_start_date`, `request_end_date`, `request_date`, `request_type`, `request_other`, `status`) VALUES
(1, 1, '2025-08-12', '2025-08-16', '2025-08-05 10:53:31', 'Annual', NULL, 'Approved'),
(2, 2, '2025-08-06', '2025-08-08', '2025-08-06 06:56:28', 'Sick', NULL, 'Rejected'),
(3, 3, '2025-08-16', '2025-08-07', '2025-08-14 07:06:01', 'Other', 'ben öyle uygun gördüm', 'Rejected'),
(4, 4, '2025-08-08', '2025-08-09', '2025-08-08 07:21:41', 'Maternity', NULL, 'Rejected'),
(5, 19, '2025-08-09', '2025-08-18', '2025-08-08 08:21:23', 'Paternity', NULL, 'Approved'),
(6, 5, '2025-08-16', '2025-08-19', '2025-08-14 07:53:59', 'Annual', NULL, 'Approved'),
(7, 6, '2025-08-16', '2025-08-18', '2025-08-15 07:53:59', 'Unpaid', NULL, 'Pending'),
(8, 9, '2025-08-14', '2025-08-15', '2025-08-14 07:53:59', 'Unpaid', NULL, 'Approved'),
(9, 13, '2025-08-14', '2025-08-17', '2025-08-14 07:53:59', 'Maternity', NULL, 'Pending'),
(10, 16, '2025-08-15', '2025-08-17', '2025-08-15 07:53:59', 'Unpaid', NULL, 'Approved'),
(11, 6, '2025-08-15', '2025-08-16', '2025-08-14 07:53:59', 'Unpaid', NULL, 'Pending'),
(12, 14, '2025-08-15', '2025-08-18', '2025-08-14 07:53:59', 'Sick', NULL, 'Rejected'),
(13, 17, '2025-08-15', '2025-08-17', '2025-08-14 07:53:59', 'Maternity', NULL, 'Rejected'),
(14, 4, '2025-08-20', '2025-08-25', '2025-08-18 07:53:59', 'Annual', NULL, 'Approved'),
(15, 5, '2025-08-19', '2025-08-23', '2025-08-17 07:53:59', 'Unpaid', NULL, 'Pending'),
(16, 10, '2025-08-19', '2025-08-29', '2025-08-16 07:53:59', 'Paternity', NULL, 'Approved'),
(17, 11, '2025-08-21', '2025-08-26', '2025-08-15 07:53:59', 'Paternity', NULL, 'Approved'),
(18, 14, '2025-08-21', '2025-08-24', '2025-08-15 07:53:59', 'Unpaid', NULL, 'Pending'),
(19, 20, '2025-08-19', '2025-08-20', '2025-08-14 07:53:59', 'Other', 'Travel plans', 'Rejected'),
(20, 11, '2025-08-22', '2025-08-25', '2025-08-20 07:53:59', 'Annual', NULL, 'Approved'),
(21, 13, '2025-08-22', '2025-08-24', '2025-08-20 07:53:59', 'Maternity', NULL, 'Approved'),
(22, 5, '2025-08-22', '2025-08-23', '2025-08-18 07:53:59', 'Annual', NULL, 'Approved'),
(23, 6, '2025-08-21', '2025-08-24', '2025-08-18 07:53:59', 'Maternity', NULL, 'Approved'),
(24, 7, '2025-08-21', '2025-08-24', '2025-08-19 07:53:59', 'Sick', NULL, 'Rejected'),
(25, 19, '2025-08-21', '2025-08-22', '2025-08-19 07:53:59', 'Annual', NULL, 'Approved'),
(26, 4, '2025-08-22', '2025-08-24', '2025-08-14 07:53:59', 'Other', 'House maintenance', 'Approved'),
(27, 6, '2025-08-23', '2025-08-27', '2025-08-14 07:53:59', 'Unpaid', NULL, 'Approved'),
(28, 7, '2025-08-24', '2025-08-26', '2025-08-14 07:53:59', 'Unpaid', NULL, 'Approved'),
(29, 8, '2025-08-22', '2025-08-23', '2025-08-14 07:53:59', 'Unpaid', NULL, 'Approved'),
(30, 9, '2025-08-22', '2025-08-24', '2025-08-14 07:53:59', 'Unpaid', NULL, 'Approved'),
(31, 16, '2025-08-23', '2025-08-27', '2025-08-14 07:53:59', 'Maternity', NULL, 'Approved'),
(32, 17, '2025-08-24', '2025-08-29', '2025-08-14 07:53:59', 'Paternity', NULL, 'Approved'),
(33, 18, '2025-08-23', '2025-08-25', '2025-08-14 07:53:59', 'Sick', NULL, 'Rejected'),
(34, 2, '2025-08-26', '2025-08-29', '2025-08-14 07:53:59', 'Annual', NULL, 'Rejected'),
(35, 14, '2025-08-25', '2025-08-26', '2025-08-14 07:53:59', 'Other', 'Unexpected event', 'Rejected'),
(36, 19, '2025-08-25', '2025-08-27', '2025-08-14 07:53:59', 'Other', 'Family emergency', 'Rejected'),
(37, 2, '2025-08-27', '2025-08-29', '2025-08-14 07:53:59', 'Paternity', NULL, 'Pending'),
(38, 11, '2025-08-27', '2025-08-30', '2025-08-14 07:53:59', 'Maternity', NULL, 'Pending'),
(39, 4, '2025-08-28', '2025-08-29', '2025-08-14 07:53:59', 'Annual', NULL, 'Pending'),
(40, 8, '2025-08-27', '2025-08-29', '2025-08-14 07:53:59', 'Other', 'Travel plans', 'Rejected'),
(41, 10, '2025-08-29', '2025-08-31', '2025-08-14 07:53:59', 'Paternity', NULL, 'Approved'),
(42, 14, '2025-08-29', '2025-08-31', '2025-08-14 07:53:59', 'Other', 'Car breakdown', 'Pending'),
(43, 17, '2025-08-29', '2025-09-01', '2025-08-14 07:53:59', 'Other', 'Travel plans', 'Approved'),
(44, 18, '2025-08-30', '2025-09-01', '2025-08-14 07:53:59', 'Unpaid', NULL, 'Approved'),
(45, 7, '2025-08-31', '2025-09-05', '2025-08-14 07:53:59', 'Paternity', NULL, 'Pending'),
(46, 11, '2025-08-29', '2025-08-29', '2025-08-14 07:53:59', 'Sick', NULL, 'Pending'),
(47, 12, '2025-08-30', '2025-09-02', '2025-08-14 07:53:59', 'Other', 'Unexpected event', 'Pending'),
(48, 14, '2025-08-29', '2025-08-30', '2025-08-14 07:53:59', 'Annual', NULL, 'Rejected');

-- --------------------------------------------------------

--
-- Tablo için tablo yapısı `pdks_entry`
--

CREATE TABLE `pdks_entry` (
  `pdks_id` int(11) NOT NULL,
  `pdks_date` date DEFAULT NULL,
  `pdks_checkInTime` time DEFAULT NULL,
  `pdks_checkOutTime` time DEFAULT NULL,
  `personnel_per_id` int(11) DEFAULT NULL
) ENGINE=InnoDB DEFAULT CHARSET=utf8mb4 COLLATE=utf8mb4_general_ci;

--
-- Tablo döküm verisi `pdks_entry`
--

INSERT INTO `pdks_entry` (`pdks_id`, `pdks_date`, `pdks_checkInTime`, `pdks_checkOutTime`, `personnel_per_id`) VALUES
(1, '2025-08-12', '08:20:00', '18:00:00', 1),
(2, '2025-08-13', '08:10:00', '16:30:00', 1),
(3, '2025-07-31', '08:05:00', '13:56:54', 1),
(5, '2025-08-08', '08:45:00', '10:13:53', 1),
(6, '2025-08-11', '08:00:00', '16:45:00', 1),
(7, '2025-08-04', '08:45:00', '17:00:00', 1),
(8, '2025-08-05', '08:15:00', '16:45:00', 1),
(9, '2025-08-06', '08:10:00', '17:30:00', 1),
(11, '2025-08-12', '08:15:00', '16:30:00', 2),
(12, '2025-08-13', '08:00:00', '17:15:00', 2),
(13, '2025-07-31', '08:30:00', '13:33:11', 2),
(15, '2025-08-08', '08:15:00', '18:00:00', 2),
(16, '2025-08-11', '08:15:00', '16:45:00', 2),
(17, '2025-08-04', '08:30:00', '16:30:00', 2),
(19, '2025-08-06', '08:15:00', '17:30:00', 2),
(20, '2025-08-07', '08:00:00', '17:30:00', 2),
(21, '2025-08-12', '08:15:00', '17:30:00', 3),
(22, '2025-08-13', '08:45:00', '16:45:00', 3),
(24, '2025-08-01', '08:20:00', '16:45:00', 3),
(25, '2025-08-08', '08:15:00', '17:30:00', 3),
(26, '2025-08-11', '08:30:00', '16:30:00', 3),
(27, '2025-08-04', '08:10:00', '16:30:00', 3),
(28, '2025-08-05', '08:05:00', '16:30:00', 3),
(30, '2025-08-07', '08:05:00', '17:00:00', 3),
(31, '2025-08-12', '08:20:00', '17:15:00', 4),
(32, '2025-08-13', '08:15:00', '16:45:00', 4),
(33, '2025-07-31', '08:15:00', '17:30:00', 4),
(36, '2025-08-11', '08:00:00', '16:30:00', 4),
(37, '2025-08-04', '08:10:00', '17:30:00', 4),
(38, '2025-08-05', '08:15:00', '17:00:00', 4),
(39, '2025-08-06', '08:05:00', '16:30:00', 4),
(41, '2025-08-12', '08:15:00', '16:45:00', 5),
(43, '2025-07-31', '08:00:00', '14:02:24', 5),
(44, '2025-08-01', '08:00:00', '18:00:00', 5),
(45, '2025-08-08', '08:15:00', '11:17:38', 5),
(46, '2025-08-11', '08:45:00', '17:15:00', 5),
(48, '2025-08-05', '08:10:00', '18:00:00', 5),
(49, '2025-08-06', '08:20:00', '18:00:00', 5),
(50, '2025-08-07', '08:05:00', '16:30:00', 5),
(51, '2025-08-12', '08:20:00', '16:30:00', 6),
(52, '2025-08-13', '08:30:00', '17:30:00', 6),
(54, '2025-08-01', '08:00:00', '16:45:00', 6),
(55, '2025-08-08', '08:10:00', '17:00:00', 6),
(57, '2025-08-04', '08:05:00', '17:30:00', 6),
(59, '2025-08-06', '08:20:00', '17:30:00', 6),
(60, '2025-08-07', '08:30:00', '16:45:00', 6),
(62, '2025-08-13', '08:15:00', '17:00:00', 7),
(64, '2025-08-01', '08:15:00', '17:30:00', 7),
(65, '2025-08-08', '08:30:00', '18:00:00', 7),
(66, '2025-08-11', '08:15:00', '17:30:00', 7),
(67, '2025-08-04', '08:10:00', '17:00:00', 7),
(68, '2025-08-05', '08:15:00', '17:15:00', 7),
(72, '2025-08-13', '08:20:00', '16:45:00', 8),
(73, '2025-07-31', '08:10:00', '17:00:00', 8),
(75, '2025-08-08', '08:30:00', '17:30:00', 8),
(76, '2025-08-11', '08:10:00', '17:00:00', 8),
(77, '2025-08-04', '08:15:00', '17:00:00', 8),
(78, '2025-08-05', '08:15:00', '17:15:00', 8),
(83, '2025-07-31', '08:05:00', '16:45:00', 9),
(86, '2025-08-11', '08:15:00', '18:00:00', 9),
(88, '2025-08-05', '08:30:00', '17:30:00', 9),
(89, '2025-08-06', '08:30:00', '17:30:00', 9),
(91, '2025-08-12', '08:00:00', '18:00:00', 10),
(92, '2025-08-13', '08:45:00', '17:00:00', 10),
(94, '2025-08-01', '08:05:00', '18:00:00', 10),
(95, '2025-08-08', '08:30:00', '17:30:00', 10),
(98, '2025-08-05', '08:00:00', '16:30:00', 10),
(99, '2025-08-06', '08:05:00', '17:30:00', 10),
(101, '2025-08-01', '08:10:00', '17:00:00', 11),
(102, '2025-08-04', '08:45:00', '17:15:00', 11),
(104, '2025-08-06', '08:00:00', '18:00:00', 11),
(106, '2025-08-08', '08:00:00', '17:00:00', 11),
(107, '2025-08-11', '08:45:00', '17:30:00', 11),
(108, '2025-08-12', '08:15:00', '17:00:00', 11),
(110, '2025-07-31', '08:30:00', '17:30:00', 11),
(112, '2025-08-04', '08:30:00', '16:45:00', 12),
(113, '2025-08-05', '08:20:00', '17:30:00', 12),
(115, '2025-08-07', '08:20:00', '17:30:00', 12),
(116, '2025-08-08', '08:30:00', '17:15:00', 12),
(117, '2025-08-11', '08:15:00', '18:00:00', 12),
(118, '2025-08-12', '08:45:00', '16:45:00', 12),
(119, '2025-08-13', '08:05:00', '16:45:00', 12),
(121, '2025-08-01', '08:20:00', '16:30:00', 13),
(122, '2025-08-04', '08:45:00', '18:00:00', 13),
(124, '2025-08-06', '08:20:00', '17:15:00', 13),
(125, '2025-08-07', '08:45:00', '18:00:00', 13),
(126, '2025-08-08', '08:20:00', '17:15:00', 13),
(128, '2025-08-12', '08:20:00', '17:30:00', 13),
(129, '2025-08-13', '08:05:00', '16:45:00', 13),
(130, '2025-07-31', '08:20:00', '17:30:00', 13),
(132, '2025-08-04', '08:10:00', '16:30:00', 14),
(133, '2025-08-05', '08:15:00', '16:30:00', 14),
(134, '2025-08-06', '08:15:00', '16:45:00', 14),
(136, '2025-08-08', '08:45:00', '17:15:00', 14),
(137, '2025-08-11', '08:10:00', '17:15:00', 14),
(138, '2025-08-12', '08:15:00', '18:00:00', 14),
(140, '2025-07-31', '08:20:00', '17:15:00', 14),
(141, '2025-08-01', '08:05:00', '16:45:00', 15),
(142, '2025-08-04', '08:30:00', '17:15:00', 15),
(144, '2025-08-06', '08:00:00', '17:30:00', 15),
(145, '2025-08-07', '08:20:00', '17:30:00', 15),
(147, '2025-08-11', '08:00:00', '16:45:00', 15),
(149, '2025-08-13', '08:00:00', '17:30:00', 15),
(150, '2025-07-31', '08:10:00', '16:45:00', 15),
(151, '2025-08-01', '08:20:00', '18:00:00', 16),
(152, '2025-08-04', '08:00:00', '16:30:00', 16),
(153, '2025-08-05', '08:45:00', '17:15:00', 16),
(154, '2025-08-06', '08:45:00', '17:00:00', 16),
(155, '2025-08-07', '08:10:00', '17:30:00', 16),
(157, '2025-08-11', '08:10:00', '17:15:00', 16),
(159, '2025-08-13', '08:30:00', '18:00:00', 16),
(160, '2025-07-31', '08:45:00', '18:00:00', 16),
(162, '2025-08-04', '08:05:00', '16:30:00', 17),
(163, '2025-08-05', '08:20:00', '17:00:00', 17),
(164, '2025-08-06', '08:30:00', '16:30:00', 17),
(165, '2025-08-07', '08:15:00', '17:15:00', 17),
(166, '2025-08-08', '08:10:00', '17:00:00', 17),
(168, '2025-08-12', '08:10:00', '17:30:00', 17),
(169, '2025-08-13', '08:30:00', '18:00:00', 17),
(172, '2025-08-04', '08:45:00', '16:30:00', 18),
(173, '2025-08-05', '08:45:00', '16:30:00', 18),
(174, '2025-08-06', '08:10:00', '17:30:00', 18),
(175, '2025-08-07', '08:15:00', '18:00:00', 18),
(177, '2025-08-11', '08:05:00', '17:30:00', 18),
(178, '2025-08-12', '08:05:00', '17:15:00', 18),
(179, '2025-08-13', '08:30:00', '17:15:00', 18),
(180, '2025-07-31', '08:30:00', '17:15:00', 18),
(181, '2025-08-01', '08:45:00', '16:45:00', 19),
(182, '2025-08-04', '08:20:00', '17:00:00', 19),
(184, '2025-08-06', '08:05:00', '17:30:00', 19),
(185, '2025-08-07', '08:30:00', '16:30:00', 19),
(186, '2025-08-08', '08:45:00', '17:15:00', 19),
(187, '2025-08-11', '08:30:00', '16:45:00', 19),
(188, '2025-08-12', '08:20:00', '17:15:00', 19),
(190, '2025-07-31', '08:20:00', '17:00:00', 19),
(191, '2025-08-01', '08:00:00', '17:00:00', 20),
(192, '2025-08-04', '08:45:00', '16:30:00', 20),
(193, '2025-08-05', '08:15:00', '18:00:00', 20),
(196, '2025-08-08', '08:05:00', '18:00:00', 20),
(197, '2025-08-11', '08:45:00', '16:30:00', 20),
(198, '2025-08-12', '08:45:00', '18:00:00', 20),
(199, '2025-08-13', '08:10:00', '17:30:00', 20),
(202, '2025-07-21', '08:10:00', '17:00:00', 1),
(203, '2025-07-22', '08:00:00', '17:15:00', 1),
(205, '2025-07-24', '08:05:00', '16:50:00', 1),
(206, '2025-07-25', '08:15:00', '17:00:00', 1),
(209, '2025-07-28', '08:30:00', '17:00:00', 1),
(210, '2025-07-29', '08:00:00', '16:45:00', 1),
(212, '2025-07-21', '08:15:00', '17:10:00', 2),
(214, '2025-07-23', '08:00:00', '17:00:00', 2),
(215, '2025-07-24', '08:05:00', '17:00:00', 2),
(219, '2025-07-28', '08:20:00', '16:45:00', 2),
(220, '2025-07-29', '08:10:00', '17:00:00', 2),
(223, '2025-07-22', '08:05:00', '16:45:00', 3),
(224, '2025-07-23', '08:00:00', '17:15:00', 3),
(226, '2025-07-25', '08:15:00', '17:00:00', 3),
(229, '2025-07-28', '08:25:00', '16:50:00', 3),
(230, '2025-07-29', '08:00:00', '17:00:00', 3),
(232, '2025-07-21', '08:10:00', '17:00:00', 4),
(233, '2025-07-22', '08:15:00', '17:10:00', 4),
(235, '2025-07-24', '08:00:00', '16:45:00', 4),
(236, '2025-07-25', '08:20:00', '17:00:00', 4),
(239, '2025-07-28', '08:00:00', '17:00:00', 4),
(240, '2025-07-29', '08:05:00', '16:50:00', 4),
(243, '2025-07-22', '08:10:00', '16:45:00', 5),
(244, '2025-07-23', '08:00:00', '17:00:00', 5),
(246, '2025-07-25', '08:25:00', '17:05:00', 5),
(249, '2025-07-28', '08:20:00', '17:10:00', 5),
(250, '2025-07-29', '08:00:00', '16:45:00', 5),
(252, '2025-07-21', '08:10:00', '17:00:00', 6),
(254, '2025-07-23', '08:00:00', '16:55:00', 6),
(255, '2025-07-24', '08:15:00', '17:15:00', 6),
(259, '2025-07-28', '08:30:00', '17:30:00', 6),
(260, '2025-07-29', '08:00:00', '17:00:00', 6),
(262, '2025-07-21', '08:00:00', '16:45:00', 7),
(263, '2025-07-22', '08:10:00', '17:00:00', 7),
(266, '2025-07-25', '08:00:00', '17:00:00', 7),
(269, '2025-07-28', '08:00:00', '17:00:00', 7),
(270, '2025-07-29', '08:00:00', '16:45:00', 7),
(272, '2025-07-21', '08:05:00', '17:10:00', 8),
(274, '2025-07-23', '08:15:00', '16:50:00', 8),
(275, '2025-07-24', '08:00:00', '16:45:00', 8),
(279, '2025-07-28', '08:30:00', '16:55:00', 8),
(280, '2025-07-29', '08:00:00', '17:00:00', 8),
(283, '2025-07-22', '08:10:00', '16:45:00', 9),
(284, '2025-07-23', '08:00:00', '16:45:00', 9),
(286, '2025-07-25', '08:05:00', '17:10:00', 9),
(289, '2025-07-28', '08:15:00', '17:00:00', 9),
(290, '2025-07-29', '08:00:00', '16:30:00', 9),
(292, '2025-07-21', '08:00:00', '17:00:00', 10),
(294, '2025-07-23', '08:10:00', '17:00:00', 10),
(296, '2025-07-25', '08:05:00', '16:45:00', 10),
(299, '2025-07-28', '08:00:00', '17:10:00', 10),
(300, '2025-07-29', '08:15:00', '17:00:00', 10),
(301, '2025-08-01', '14:10:23', '15:27:30', 2),
(302, '2025-08-01', '15:21:13', '15:21:37', 4),
(303, '2025-08-01', '15:33:18', '15:34:49', 1),
(304, '2025-08-06', '10:14:51', '15:28:48', 20),
(305, '2025-08-08', '10:14:19', '10:17:15', 4),
(307, '2025-08-14', '08:10:00', '16:30:00', 1),
(308, '2025-08-14', '08:45:00', '16:45:00', 2),
(309, '2025-08-14', '08:05:00', '17:45:00', 3),
(310, '2025-08-14', '08:45:00', '18:00:00', 4),
(311, '2025-08-14', '08:25:00', '17:45:00', 5),
(312, '2025-08-14', '08:20:00', '16:45:00', 6),
(313, '2025-08-14', '08:30:00', '17:45:00', 7),
(314, '2025-08-14', '08:20:00', '17:15:00', 9),
(315, '2025-08-14', '08:00:00', '17:30:00', 10),
(316, '2025-08-14', '08:20:00', '17:15:00', 12),
(317, '2025-08-14', '08:05:00', '16:45:00', 13),
(318, '2025-08-14', '08:10:00', '16:30:00', 14),
(319, '2025-08-14', '08:25:00', '17:45:00', 15),
(320, '2025-08-14', '08:30:00', '17:30:00', 16),
(321, '2025-08-14', '08:10:00', '17:15:00', 17),
(322, '2025-08-14', '08:30:00', '17:15:00', 18),
(323, '2025-08-14', '08:45:00', '16:45:00', 19),
(324, '2025-08-14', '08:20:00', '17:45:00', 20),
(325, '2025-08-15', '08:30:00', '17:45:00', 1),
(326, '2025-08-15', '08:05:00', '16:45:00', 2),
(327, '2025-08-15', '08:20:00', '16:45:00', 3),
(328, '2025-08-15', '08:10:00', '16:30:00', 5),
(329, '2025-08-15', '08:30:00', '16:45:00', 6),
(330, '2025-08-15', '08:45:00', '18:00:00', 7),
(331, '2025-08-15', '08:15:00', '17:00:00', 8),
(332, '2025-08-15', '08:45:00', '17:00:00', 9),
(333, '2025-08-15', '08:25:00', '16:30:00', 10),
(334, '2025-08-15', '08:10:00', '17:30:00', 12),
(335, '2025-08-15', '08:05:00', '17:45:00', 13),
(336, '2025-08-15', '08:45:00', '17:00:00', 15),
(337, '2025-08-15', '08:00:00', '18:00:00', 16),
(338, '2025-08-15', '08:45:00', '17:15:00', 18),
(339, '2025-08-15', '08:20:00', '17:15:00', 19),
(340, '2025-08-15', '08:15:00', '17:00:00', 20),
(341, '2025-08-18', '08:30:00', '17:00:00', 1),
(342, '2025-08-18', '08:15:00', '17:45:00', 2),
(343, '2025-08-18', '08:30:00', '18:00:00', 4),
(344, '2025-08-18', '08:20:00', '17:30:00', 5),
(345, '2025-08-18', '08:00:00', '17:45:00', 7),
(346, '2025-08-18', '08:05:00', '16:30:00', 8),
(347, '2025-08-18', '08:45:00', '17:45:00', 9),
(348, '2025-08-18', '08:30:00', '16:45:00', 10),
(349, '2025-08-18', '08:25:00', '17:30:00', 11),
(350, '2025-08-18', '08:45:00', '17:45:00', 12),
(351, '2025-08-18', '08:20:00', '17:45:00', 13),
(352, '2025-08-18', '08:25:00', '16:30:00', 14),
(353, '2025-08-18', '08:00:00', '16:30:00', 16),
(354, '2025-08-18', '08:15:00', '18:00:00', 18),
(355, '2025-08-18', '08:05:00', '16:45:00', 19),
(356, '2025-08-18', '08:05:00', '16:45:00', 20),
(357, '2025-08-19', '08:05:00', '17:00:00', 1),
(358, '2025-08-19', '08:05:00', '17:30:00', 2),
(359, '2025-08-19', '08:30:00', '16:30:00', 3),
(360, '2025-08-19', '08:45:00', '17:00:00', 4),
(361, '2025-08-19', '08:30:00', '17:45:00', 5),
(362, '2025-08-19', '08:05:00', '17:45:00', 6),
(363, '2025-08-19', '08:10:00', '17:00:00', 7),
(364, '2025-08-19', '08:15:00', '16:30:00', 8),
(365, '2025-08-19', '08:20:00', '17:00:00', 9),
(366, '2025-08-19', '08:05:00', '17:45:00', 11),
(367, '2025-08-19', '08:20:00', '17:15:00', 12),
(368, '2025-08-19', '08:30:00', '17:00:00', 13),
(369, '2025-08-19', '08:20:00', '16:45:00', 15),
(370, '2025-08-19', '08:25:00', '17:45:00', 16),
(371, '2025-08-19', '08:20:00', '17:30:00', 18),
(372, '2025-08-19', '08:10:00', '17:00:00', 19),
(373, '2025-08-19', '08:45:00', '17:30:00', 20),
(374, '2025-08-20', '08:45:00', '17:45:00', 1),
(375, '2025-08-20', '08:10:00', '18:00:00', 2),
(376, '2025-08-20', '08:30:00', '18:00:00', 4),
(377, '2025-08-20', '08:45:00', '16:30:00', 5),
(378, '2025-08-20', '08:30:00', '17:30:00', 6),
(379, '2025-08-20', '08:20:00', '16:45:00', 7),
(380, '2025-08-20', '08:20:00', '17:15:00', 8),
(381, '2025-08-20', '08:30:00', '16:30:00', 9),
(382, '2025-08-20', '08:20:00', '17:00:00', 11),
(383, '2025-08-20', '08:10:00', '16:30:00', 12),
(384, '2025-08-20', '08:25:00', '16:30:00', 13),
(385, '2025-08-20', '08:30:00', '18:00:00', 14),
(386, '2025-08-20', '08:10:00', '17:00:00', 15),
(387, '2025-08-20', '08:10:00', '17:45:00', 16),
(388, '2025-08-20', '08:00:00', '17:45:00', 19),
(389, '2025-08-20', '08:25:00', '17:30:00', 20),
(390, '2025-08-21', '08:10:00', '17:15:00', 1),
(391, '2025-08-21', '08:25:00', '18:00:00', 4),
(392, '2025-08-21', '08:45:00', '18:00:00', 6),
(393, '2025-08-21', '08:15:00', '17:45:00', 7),
(394, '2025-08-21', '08:45:00', '17:00:00', 8),
(395, '2025-08-21', '08:05:00', '18:00:00', 9),
(396, '2025-08-21', '08:30:00', '18:00:00', 10),
(397, '2025-08-21', '08:20:00', '16:45:00', 11),
(398, '2025-08-21', '08:15:00', '17:00:00', 13),
(399, '2025-08-21', '08:20:00', '16:30:00', 15),
(400, '2025-08-21', '08:10:00', '17:30:00', 16),
(401, '2025-08-21', '08:05:00', '17:00:00', 17),
(402, '2025-08-21', '08:00:00', '17:30:00', 18),
(403, '2025-08-21', '08:10:00', '17:30:00', 19),
(404, '2025-08-22', '08:20:00', '18:00:00', 1),
(405, '2025-08-22', '08:25:00', '17:15:00', 2),
(406, '2025-08-22', '08:00:00', '17:00:00', 3),
(407, '2025-08-22', '08:25:00', '17:30:00', 5),
(408, '2025-08-22', '08:45:00', '16:30:00', 6),
(409, '2025-08-22', '08:10:00', '17:30:00', 9),
(410, '2025-08-22', '08:25:00', '17:00:00', 10),
(411, '2025-08-22', '08:05:00', '17:45:00', 11),
(412, '2025-08-22', '08:00:00', '17:15:00', 14),
(413, '2025-08-22', '08:20:00', '17:30:00', 16),
(414, '2025-08-22', '08:05:00', '17:45:00', 18),
(415, '2025-08-22', '08:05:00', '16:45:00', 19),
(416, '2025-08-22', '08:00:00', '17:30:00', 20),
(417, '2025-08-25', '08:10:00', '17:15:00', 1),
(418, '2025-08-25', '08:45:00', '17:45:00', 2),
(419, '2025-08-25', '08:05:00', '17:00:00', 3),
(420, '2025-08-25', '08:45:00', '17:30:00', 4),
(421, '2025-08-25', '08:00:00', '16:45:00', 5),
(422, '2025-08-25', '08:20:00', '17:30:00', 6),
(423, '2025-08-25', '08:25:00', '17:45:00', 7),
(424, '2025-08-25', '08:15:00', '17:00:00', 8),
(425, '2025-08-25', '08:45:00', '18:00:00', 9),
(426, '2025-08-25', '08:15:00', '17:00:00', 10),
(427, '2025-08-25', '08:30:00', '17:15:00', 12),
(428, '2025-08-25', '08:45:00', '16:30:00', 13),
(429, '2025-08-25', '08:15:00', '17:00:00', 14),
(430, '2025-08-25', '08:20:00', '17:30:00', 15),
(431, '2025-08-25', '08:25:00', '17:00:00', 16),
(432, '2025-08-25', '08:00:00', '17:45:00', 18),
(433, '2025-08-25', '08:15:00', '17:45:00', 19),
(434, '2025-08-25', '08:10:00', '17:00:00', 20),
(435, '2025-08-26', '08:20:00', '17:00:00', 1),
(436, '2025-08-26', '08:45:00', '17:00:00', 2),
(437, '2025-08-26', '08:20:00', '17:00:00', 3),
(438, '2025-08-26', '08:00:00', '16:30:00', 5),
(439, '2025-08-26', '08:20:00', '17:45:00', 6),
(440, '2025-08-26', '08:45:00', '16:30:00', 7),
(441, '2025-08-26', '08:30:00', '16:30:00', 8),
(442, '2025-08-26', '08:15:00', '18:00:00', 9),
(443, '2025-08-26', '08:45:00', '17:30:00', 10),
(444, '2025-08-26', '08:20:00', '17:30:00', 11),
(445, '2025-08-26', '08:00:00', '17:30:00', 12),
(446, '2025-08-26', '08:15:00', '17:15:00', 13),
(447, '2025-08-26', '08:10:00', '17:15:00', 14),
(448, '2025-08-26', '08:45:00', '17:45:00', 15),
(449, '2025-08-26', '08:15:00', '16:45:00', 16),
(450, '2025-08-26', '08:45:00', '16:45:00', 19),
(451, '2025-08-27', '08:25:00', '18:00:00', 2),
(452, '2025-08-27', '08:30:00', '17:15:00', 3),
(453, '2025-08-27', '08:15:00', '18:00:00', 4),
(454, '2025-08-27', '08:05:00', '17:30:00', 5),
(455, '2025-08-27', '08:15:00', '16:45:00', 6),
(456, '2025-08-27', '08:20:00', '17:00:00', 7),
(457, '2025-08-27', '08:05:00', '18:00:00', 9),
(458, '2025-08-27', '08:45:00', '17:45:00', 10),
(459, '2025-08-27', '08:10:00', '17:15:00', 12),
(460, '2025-08-27', '08:15:00', '17:15:00', 13),
(461, '2025-08-27', '08:20:00', '17:15:00', 14),
(462, '2025-08-27', '08:10:00', '17:30:00', 15),
(463, '2025-08-27', '08:15:00', '16:45:00', 16),
(464, '2025-08-27', '08:15:00', '17:00:00', 18),
(465, '2025-08-27', '08:05:00', '17:30:00', 19),
(466, '2025-08-27', '08:10:00', '16:30:00', 20),
(467, '2025-08-28', '08:45:00', '17:45:00', 1),
(468, '2025-08-28', '08:00:00', '17:30:00', 2),
(469, '2025-08-28', '08:30:00', '17:45:00', 3),
(470, '2025-08-28', '08:15:00', '17:00:00', 4),
(471, '2025-08-28', '08:05:00', '17:30:00', 5),
(472, '2025-08-28', '08:05:00', '16:45:00', 6),
(473, '2025-08-28', '08:20:00', '17:15:00', 7),
(474, '2025-08-28', '08:00:00', '18:00:00', 8),
(475, '2025-08-28', '08:30:00', '16:30:00', 9),
(476, '2025-08-28', '08:10:00', '17:30:00', 10),
(477, '2025-08-28', '08:45:00', '16:45:00', 11),
(478, '2025-08-28', '08:15:00', '17:00:00', 12),
(479, '2025-08-28', '08:25:00', '17:30:00', 13),
(480, '2025-08-28', '08:00:00', '16:30:00', 14),
(481, '2025-08-28', '08:30:00', '18:00:00', 15),
(482, '2025-08-28', '08:25:00', '16:30:00', 16),
(483, '2025-08-28', '08:00:00', '17:15:00', 17),
(484, '2025-08-28', '08:45:00', '17:45:00', 18),
(485, '2025-08-28', '08:10:00', '17:00:00', 20),
(486, '2025-08-29', '08:30:00', '16:45:00', 1),
(487, '2025-08-29', '08:30:00', '17:45:00', 2),
(488, '2025-08-29', '08:20:00', '17:30:00', 3),
(489, '2025-08-29', '08:10:00', '16:45:00', 5),
(490, '2025-08-29', '08:25:00', '16:45:00', 8),
(491, '2025-08-29', '08:00:00', '16:45:00', 9),
(492, '2025-08-29', '08:45:00', '17:15:00', 10),
(493, '2025-08-29', '08:00:00', '17:00:00', 11),
(494, '2025-08-29', '08:15:00', '17:30:00', 12),
(495, '2025-08-29', '08:05:00', '17:30:00', 13),
(496, '2025-08-29', '08:00:00', '16:45:00', 14),
(497, '2025-08-29', '08:20:00', '17:30:00', 15),
(498, '2025-08-29', '08:25:00', '17:45:00', 16),
(499, '2025-08-29', '08:45:00', '17:00:00', 17),
(500, '2025-08-29', '08:15:00', '17:00:00', 18),
(501, '2025-08-29', '08:05:00', '16:30:00', 20);

-- --------------------------------------------------------

--
-- Tablo için tablo yapısı `personnel`
--

CREATE TABLE `personnel` (
  `per_id` int(11) NOT NULL,
  `per_name` varchar(50) DEFAULT NULL,
  `per_lname` varchar(50) DEFAULT NULL,
  `per_department` enum('IT','QA','Finance') NOT NULL,
  `per_role` varchar(50) DEFAULT NULL,
  `per_status` enum('Active','Inactive','OnLeave','OnSickLeave') NOT NULL,
  `avatar_url` varchar(255) DEFAULT NULL
) ENGINE=InnoDB DEFAULT CHARSET=utf8mb4 COLLATE=utf8mb4_general_ci;

--
-- Tablo döküm verisi `personnel`
--

INSERT INTO `personnel` (`per_id`, `per_name`, `per_lname`, `per_department`, `per_role`, `per_status`, `avatar_url`) VALUES
(1, 'Ahmet', 'Yılmaz', 'IT', 'Analyst', 'OnLeave', '/uploads/user_anon_1755073407057.png'),
(2, 'Ayşe', 'Demir', 'Finance', 'Manager', 'Active', '/uploads/user_anon_1754996570371.jpg'),
(3, 'Mehmet', 'Koç', 'IT', 'Engineer', 'Active', '/uploads/user_anon_1755088659871.png'),
(4, 'Zeynep', 'Kaya', 'IT', 'Intern', 'Inactive', NULL),
(5, 'Can', 'Arslan', 'QA', 'Accountant', 'Active', '/uploads/user_anon_1755086384470.png'),
(6, 'Elif', 'Aydın', 'Finance', 'Manager', 'OnLeave', NULL),
(7, 'Emre', 'Şahin', 'IT', 'Tester', 'Inactive', NULL),
(8, 'Fatma', 'Çelik', 'QA', 'Intern', 'OnLeave', NULL),
(9, 'Ali', 'Yıldız', 'QA', 'Analyst', 'OnSickLeave', NULL),
(10, 'Hülya', 'Öztürk', 'Finance', 'Tester', 'Active', '/uploads/user_anon_1755085496456.png'),
(11, 'Burak', 'Aslan', 'QA', 'Intern', 'OnLeave', NULL),
(12, 'Gamze', 'Doğan', 'IT', 'Intern', 'OnLeave', NULL),
(13, 'Mert', 'Polat', 'IT', 'Tester', 'Active', NULL),
(14, 'Selin', 'Güneş', 'QA', 'Accountant', 'Inactive', NULL),
(15, 'Okan', 'Aksoy', 'IT', 'Developer', 'Active', NULL),
(16, 'Nazlı', 'Bal', 'IT', 'Tester', 'OnLeave', NULL),
(17, 'Eren', 'Er', 'IT', 'Analyst', 'Inactive', NULL),
(18, 'Seda', 'Toprak', 'QA', 'Intern', 'Inactive', NULL),
(19, 'Kaan', 'Soylu', 'IT', 'Accountant', 'Active', '/uploads/user_anon_1754996539946.png'),
(20, 'Buse', 'Tan', 'IT', 'Intern', 'Inactive', NULL),
(300, 'ravad', 'nadam', 'IT', 'wr', 'Active', NULL);

--
-- Dökümü yapılmış tablolar için indeksler
--

--
-- Tablo için indeksler `admin_users`
--
ALTER TABLE `admin_users`
  ADD PRIMARY KEY (`id`),
  ADD UNIQUE KEY `username` (`username`);

--
-- Tablo için indeksler `leave_request`
--
ALTER TABLE `leave_request`
  ADD PRIMARY KEY (`request_id`),
  ADD KEY `personnel_per_id` (`personnel_per_id`);

--
-- Tablo için indeksler `pdks_entry`
--
ALTER TABLE `pdks_entry`
  ADD PRIMARY KEY (`pdks_id`),
  ADD KEY `personnel_per_id` (`personnel_per_id`);

--
-- Tablo için indeksler `personnel`
--
ALTER TABLE `personnel`
  ADD PRIMARY KEY (`per_id`);

--
-- Dökümü yapılmış tablolar için AUTO_INCREMENT değeri
--

--
-- Tablo için AUTO_INCREMENT değeri `admin_users`
--
ALTER TABLE `admin_users`
  MODIFY `id` int(11) NOT NULL AUTO_INCREMENT, AUTO_INCREMENT=4;

--
-- Tablo için AUTO_INCREMENT değeri `leave_request`
--
ALTER TABLE `leave_request`
  MODIFY `request_id` int(11) NOT NULL AUTO_INCREMENT, AUTO_INCREMENT=49;

--
-- Tablo için AUTO_INCREMENT değeri `pdks_entry`
--
ALTER TABLE `pdks_entry`
  MODIFY `pdks_id` int(11) NOT NULL AUTO_INCREMENT, AUTO_INCREMENT=502;

--
-- Tablo için AUTO_INCREMENT değeri `personnel`
--
ALTER TABLE `personnel`
  MODIFY `per_id` int(11) NOT NULL AUTO_INCREMENT, AUTO_INCREMENT=46757;

--
-- Dökümü yapılmış tablolar için kısıtlamalar
--

--
-- Tablo kısıtlamaları `leave_request`
--
ALTER TABLE `leave_request`
  ADD CONSTRAINT `leave_request_ibfk_1` FOREIGN KEY (`personnel_per_id`) REFERENCES `personnel` (`per_id`) ON DELETE CASCADE;

--
-- Tablo kısıtlamaları `pdks_entry`
--
ALTER TABLE `pdks_entry`
  ADD CONSTRAINT `pdks_entry_ibfk_1` FOREIGN KEY (`personnel_per_id`) REFERENCES `personnel` (`per_id`) ON DELETE CASCADE ON UPDATE CASCADE;
COMMIT;

/*!40101 SET CHARACTER_SET_CLIENT=@OLD_CHARACTER_SET_CLIENT */;
/*!40101 SET CHARACTER_SET_RESULTS=@OLD_CHARACTER_SET_RESULTS */;
/*!40101 SET COLLATION_CONNECTION=@OLD_COLLATION_CONNECTION */;
