-- phpMyAdmin SQL Dump
-- version 5.2.1
-- https://www.phpmyadmin.net/
--
-- Host: 127.0.0.1
-- Generation Time: Aug 12, 2025 at 01:16 PM
-- Server version: 10.4.32-MariaDB
-- PHP Version: 8.0.30

SET SQL_MODE = "NO_AUTO_VALUE_ON_ZERO";
START TRANSACTION;
SET time_zone = "+00:00";


/*!40101 SET @OLD_CHARACTER_SET_CLIENT=@@CHARACTER_SET_CLIENT */;
/*!40101 SET @OLD_CHARACTER_SET_RESULTS=@@CHARACTER_SET_RESULTS */;
/*!40101 SET @OLD_COLLATION_CONNECTION=@@COLLATION_CONNECTION */;
/*!40101 SET NAMES utf8mb4 */;

--
-- Database: `pdks`
--

-- --------------------------------------------------------

--
-- Table structure for table `admin_users`
--

CREATE TABLE `admin_users` (
  `id` int(11) NOT NULL,
  `username` varchar(50) NOT NULL,
  `password` varchar(255) NOT NULL,
  `email` varchar(100) DEFAULT NULL,
  `full_name` varchar(100) DEFAULT NULL,
  `role` enum('admin','manager','supervisor') DEFAULT 'admin',
  `created_at` timestamp NOT NULL DEFAULT current_timestamp(),
  `last_login` timestamp NULL DEFAULT NULL,
  `is_active` tinyint(1) DEFAULT 1,
  `avatar_url` varchar(255) DEFAULT NULL
) ENGINE=InnoDB DEFAULT CHARSET=utf8mb4 COLLATE=utf8mb4_general_ci;

--
-- Dumping data for table `admin_users`
--

INSERT INTO `admin_users` (`id`, `username`, `password`, `email`, `full_name`, `role`, `created_at`, `last_login`, `is_active`, `avatar_url`) VALUES
(1, 'admin', 'admin123', 'admin@company.com', 'Ravad Nadam', 'admin', '2025-07-30 11:42:33', '2025-08-08 07:29:01', 1, '/uploads/user_anon_1754996629896.png'),
(2, 'manager', 'manager123', 'manager@company.com', 'Department Manag', 'manager', '2025-07-30 11:42:33', NULL, 1, NULL),
(3, 'supervisor', 'supervisor123', 'supervisor@company.com', 'Team Supervisor', 'supervisor', '2025-07-30 11:42:33', NULL, 1, NULL);

-- --------------------------------------------------------

--
-- Table structure for table `leave_request`
--

CREATE TABLE `leave_request` (
  `request_id` int(11) NOT NULL,
  `personnel_per_id` int(11) NOT NULL,
  `request_start_date` date NOT NULL,
  `request_end_date` date NOT NULL,
  `request_date` timestamp NOT NULL DEFAULT current_timestamp(),
  `request_type` enum('Annual','Sick','Maternity','Paternity','Unpaid','Other') NOT NULL,
  `request_other` text DEFAULT NULL,
  `status` enum('Pending','Approved','Rejected','') NOT NULL
) ENGINE=InnoDB DEFAULT CHARSET=utf8mb4 COLLATE=utf8mb4_general_ci;

--
-- Dumping data for table `leave_request`
--

INSERT INTO `leave_request` (`request_id`, `personnel_per_id`, `request_start_date`, `request_end_date`, `request_date`, `request_type`, `request_other`, `status`) VALUES
(1, 1, '2025-08-12', '2025-08-16', '2025-08-05 10:53:31', 'Annual', NULL, 'Approved'),
(2, 2, '2025-08-06', '2025-08-08', '2025-08-06 06:56:28', 'Sick', NULL, 'Rejected'),
(3, 3, '2025-08-05', '2025-08-09', '2025-08-06 07:06:01', 'Other', 'hihi', 'Rejected'),
(4, 4, '2025-08-08', '2025-08-09', '2025-08-08 07:21:41', 'Maternity', NULL, 'Rejected'),
(5, 19, '2025-08-09', '2025-08-09', '2025-08-08 08:21:23', 'Paternity', NULL, 'Approved');

-- --------------------------------------------------------

--
-- Table structure for table `pdks_entry`
--

CREATE TABLE `pdks_entry` (
  `pdks_id` int(11) NOT NULL,
  `pdks_date` date DEFAULT NULL,
  `pdks_checkInTime` time DEFAULT NULL,
  `pdks_checkOutTime` time DEFAULT NULL,
  `personnel_per_id` int(11) DEFAULT NULL
) ENGINE=InnoDB DEFAULT CHARSET=utf8mb4 COLLATE=utf8mb4_general_ci;

--
-- Dumping data for table `pdks_entry`
--

INSERT INTO `pdks_entry` (`pdks_id`, `pdks_date`, `pdks_checkInTime`, `pdks_checkOutTime`, `personnel_per_id`) VALUES
(1, '2025-08-12', '08:20:00', '18:00:00', 1),
(2, '2025-08-13', '08:10:00', '16:30:00', 1),
(3, '2025-07-31', '08:05:00', '13:56:54', 1),
(5, '2025-08-08', '08:45:00', '10:13:53', 1),
(6, '2025-08-11', '08:00:00', '16:45:00', 1),
(7, '2025-08-04', '08:45:00', '17:00:00', 1),
(8, '2025-08-05', '08:15:00', '16:45:00', 1),
(9, '2025-08-06', '08:10:00', '17:30:00', 1),
(11, '2025-08-12', '08:15:00', '16:30:00', 2),
(12, '2025-08-13', '08:00:00', '17:15:00', 2),
(13, '2025-07-31', '08:30:00', '13:33:11', 2),
(15, '2025-08-08', '08:15:00', '18:00:00', 2),
(16, '2025-08-11', '08:15:00', '16:45:00', 2),
(17, '2025-08-04', '08:30:00', '16:30:00', 2),
(19, '2025-08-06', '08:15:00', '17:30:00', 2),
(20, '2025-08-07', '08:00:00', '17:30:00', 2),
(21, '2025-08-12', '08:15:00', '17:30:00', 3),
(22, '2025-08-13', '08:45:00', '16:45:00', 3),
(24, '2025-08-01', '08:20:00', '16:45:00', 3),
(25, '2025-08-08', '08:15:00', '17:30:00', 3),
(26, '2025-08-11', '08:30:00', '16:30:00', 3),
(27, '2025-08-04', '08:10:00', '16:30:00', 3),
(28, '2025-08-05', '08:05:00', '16:30:00', 3),
(30, '2025-08-07', '08:05:00', '17:00:00', 3),
(31, '2025-08-12', '08:20:00', '17:15:00', 4),
(32, '2025-08-13', '08:15:00', '16:45:00', 4),
(33, '2025-07-31', '08:15:00', '17:30:00', 4),
(36, '2025-08-11', '08:00:00', '16:30:00', 4),
(37, '2025-08-04', '08:10:00', '17:30:00', 4),
(38, '2025-08-05', '08:15:00', '17:00:00', 4),
(39, '2025-08-06', '08:05:00', '16:30:00', 4),
(41, '2025-08-12', '08:15:00', '16:45:00', 5),
(43, '2025-07-31', '08:00:00', '14:02:24', 5),
(44, '2025-08-01', '08:00:00', '18:00:00', 5),
(45, '2025-08-08', '08:15:00', '11:17:38', 5),
(46, '2025-08-11', '08:45:00', '17:15:00', 5),
(48, '2025-08-05', '08:10:00', '18:00:00', 5),
(49, '2025-08-06', '08:20:00', '18:00:00', 5),
(50, '2025-08-07', '08:05:00', '16:30:00', 5),
(51, '2025-08-12', '08:20:00', '16:30:00', 6),
(52, '2025-08-13', '08:30:00', '17:30:00', 6),
(54, '2025-08-01', '08:00:00', '16:45:00', 6),
(55, '2025-08-08', '08:10:00', '17:00:00', 6),
(57, '2025-08-04', '08:05:00', '17:30:00', 6),
(59, '2025-08-06', '08:20:00', '17:30:00', 6),
(60, '2025-08-07', '08:30:00', '16:45:00', 6),
(62, '2025-08-13', '08:15:00', '17:00:00', 7),
(64, '2025-08-01', '08:15:00', '17:30:00', 7),
(65, '2025-08-08', '08:30:00', '18:00:00', 7),
(66, '2025-08-11', '08:15:00', '17:30:00', 7),
(67, '2025-08-04', '08:10:00', '17:00:00', 7),
(68, '2025-08-05', '08:15:00', '17:15:00', 7),
(72, '2025-08-13', '08:20:00', '16:45:00', 8),
(73, '2025-07-31', '08:10:00', '17:00:00', 8),
(75, '2025-08-08', '08:30:00', '17:30:00', 8),
(76, '2025-08-11', '08:10:00', '17:00:00', 8),
(77, '2025-08-04', '08:15:00', '17:00:00', 8),
(78, '2025-08-05', '08:15:00', '17:15:00', 8),
(83, '2025-07-31', '08:05:00', '16:45:00', 9),
(86, '2025-08-11', '08:15:00', '18:00:00', 9),
(88, '2025-08-05', '08:30:00', '17:30:00', 9),
(89, '2025-08-06', '08:30:00', '17:30:00', 9),
(91, '2025-08-12', '08:00:00', '18:00:00', 10),
(92, '2025-08-13', '08:45:00', '17:00:00', 10),
(94, '2025-08-01', '08:05:00', '18:00:00', 10),
(95, '2025-08-08', '08:30:00', '17:30:00', 10),
(98, '2025-08-05', '08:00:00', '16:30:00', 10),
(99, '2025-08-06', '08:05:00', '17:30:00', 10),
(101, '2025-08-01', '08:10:00', '17:00:00', 11),
(102, '2025-08-04', '08:45:00', '17:15:00', 11),
(104, '2025-08-06', '08:00:00', '18:00:00', 11),
(106, '2025-08-08', '08:00:00', '17:00:00', 11),
(107, '2025-08-11', '08:45:00', '17:30:00', 11),
(108, '2025-08-12', '08:15:00', '17:00:00', 11),
(110, '2025-07-31', '08:30:00', '17:30:00', 11),
(112, '2025-08-04', '08:30:00', '16:45:00', 12),
(113, '2025-08-05', '08:20:00', '17:30:00', 12),
(115, '2025-08-07', '08:20:00', '17:30:00', 12),
(116, '2025-08-08', '08:30:00', '17:15:00', 12),
(117, '2025-08-11', '08:15:00', '18:00:00', 12),
(118, '2025-08-12', '08:45:00', '16:45:00', 12),
(119, '2025-08-13', '08:05:00', '16:45:00', 12),
(121, '2025-08-01', '08:20:00', '16:30:00', 13),
(122, '2025-08-04', '08:45:00', '18:00:00', 13),
(124, '2025-08-06', '08:20:00', '17:15:00', 13),
(125, '2025-08-07', '08:45:00', '18:00:00', 13),
(126, '2025-08-08', '08:20:00', '17:15:00', 13),
(128, '2025-08-12', '08:20:00', '17:30:00', 13),
(129, '2025-08-13', '08:05:00', '16:45:00', 13),
(130, '2025-07-31', '08:20:00', '17:30:00', 13),
(132, '2025-08-04', '08:10:00', '16:30:00', 14),
(133, '2025-08-05', '08:15:00', '16:30:00', 14),
(134, '2025-08-06', '08:15:00', '16:45:00', 14),
(136, '2025-08-08', '08:45:00', '17:15:00', 14),
(137, '2025-08-11', '08:10:00', '17:15:00', 14),
(138, '2025-08-12', '08:15:00', '18:00:00', 14),
(140, '2025-07-31', '08:20:00', '17:15:00', 14),
(141, '2025-08-01', '08:05:00', '16:45:00', 15),
(142, '2025-08-04', '08:30:00', '17:15:00', 15),
(144, '2025-08-06', '08:00:00', '17:30:00', 15),
(145, '2025-08-07', '08:20:00', '17:30:00', 15),
(147, '2025-08-11', '08:00:00', '16:45:00', 15),
(149, '2025-08-13', '08:00:00', '17:30:00', 15),
(150, '2025-07-31', '08:10:00', '16:45:00', 15),
(151, '2025-08-01', '08:20:00', '18:00:00', 16),
(152, '2025-08-04', '08:00:00', '16:30:00', 16),
(153, '2025-08-05', '08:45:00', '17:15:00', 16),
(154, '2025-08-06', '08:45:00', '17:00:00', 16),
(155, '2025-08-07', '08:10:00', '17:30:00', 16),
(157, '2025-08-11', '08:10:00', '17:15:00', 16),
(159, '2025-08-13', '08:30:00', '18:00:00', 16),
(160, '2025-07-31', '08:45:00', '18:00:00', 16),
(162, '2025-08-04', '08:05:00', '16:30:00', 17),
(163, '2025-08-05', '08:20:00', '17:00:00', 17),
(164, '2025-08-06', '08:30:00', '16:30:00', 17),
(165, '2025-08-07', '08:15:00', '17:15:00', 17),
(166, '2025-08-08', '08:10:00', '17:00:00', 17),
(168, '2025-08-12', '08:10:00', '17:30:00', 17),
(169, '2025-08-13', '08:30:00', '18:00:00', 17),
(172, '2025-08-04', '08:45:00', '16:30:00', 18),
(173, '2025-08-05', '08:45:00', '16:30:00', 18),
(174, '2025-08-06', '08:10:00', '17:30:00', 18),
(175, '2025-08-07', '08:15:00', '18:00:00', 18),
(177, '2025-08-11', '08:05:00', '17:30:00', 18),
(178, '2025-08-12', '08:05:00', '17:15:00', 18),
(179, '2025-08-13', '08:30:00', '17:15:00', 18),
(180, '2025-07-31', '08:30:00', '17:15:00', 18),
(181, '2025-08-01', '08:45:00', '16:45:00', 19),
(182, '2025-08-04', '08:20:00', '17:00:00', 19),
(184, '2025-08-06', '08:05:00', '17:30:00', 19),
(185, '2025-08-07', '08:30:00', '16:30:00', 19),
(186, '2025-08-08', '08:45:00', '17:15:00', 19),
(187, '2025-08-11', '08:30:00', '16:45:00', 19),
(188, '2025-08-12', '08:20:00', '17:15:00', 19),
(190, '2025-07-31', '08:20:00', '17:00:00', 19),
(191, '2025-08-01', '08:00:00', '17:00:00', 20),
(192, '2025-08-04', '08:45:00', '16:30:00', 20),
(193, '2025-08-05', '08:15:00', '18:00:00', 20),
(196, '2025-08-08', '08:05:00', '18:00:00', 20),
(197, '2025-08-11', '08:45:00', '16:30:00', 20),
(198, '2025-08-12', '08:45:00', '18:00:00', 20),
(199, '2025-08-13', '08:10:00', '17:30:00', 20),
(202, '2025-07-21', '08:10:00', '17:00:00', 1),
(203, '2025-07-22', '08:00:00', '17:15:00', 1),
(205, '2025-07-24', '08:05:00', '16:50:00', 1),
(206, '2025-07-25', '08:15:00', '17:00:00', 1),
(209, '2025-07-28', '08:30:00', '17:00:00', 1),
(210, '2025-07-29', '08:00:00', '16:45:00', 1),
(212, '2025-07-21', '08:15:00', '17:10:00', 2),
(214, '2025-07-23', '08:00:00', '17:00:00', 2),
(215, '2025-07-24', '08:05:00', '17:00:00', 2),
(219, '2025-07-28', '08:20:00', '16:45:00', 2),
(220, '2025-07-29', '08:10:00', '17:00:00', 2),
(223, '2025-07-22', '08:05:00', '16:45:00', 3),
(224, '2025-07-23', '08:00:00', '17:15:00', 3),
(226, '2025-07-25', '08:15:00', '17:00:00', 3),
(229, '2025-07-28', '08:25:00', '16:50:00', 3),
(230, '2025-07-29', '08:00:00', '17:00:00', 3),
(232, '2025-07-21', '08:10:00', '17:00:00', 4),
(233, '2025-07-22', '08:15:00', '17:10:00', 4),
(235, '2025-07-24', '08:00:00', '16:45:00', 4),
(236, '2025-07-25', '08:20:00', '17:00:00', 4),
(239, '2025-07-28', '08:00:00', '17:00:00', 4),
(240, '2025-07-29', '08:05:00', '16:50:00', 4),
(243, '2025-07-22', '08:10:00', '16:45:00', 5),
(244, '2025-07-23', '08:00:00', '17:00:00', 5),
(246, '2025-07-25', '08:25:00', '17:05:00', 5),
(249, '2025-07-28', '08:20:00', '17:10:00', 5),
(250, '2025-07-29', '08:00:00', '16:45:00', 5),
(252, '2025-07-21', '08:10:00', '17:00:00', 6),
(254, '2025-07-23', '08:00:00', '16:55:00', 6),
(255, '2025-07-24', '08:15:00', '17:15:00', 6),
(259, '2025-07-28', '08:30:00', '17:30:00', 6),
(260, '2025-07-29', '08:00:00', '17:00:00', 6),
(262, '2025-07-21', '08:00:00', '16:45:00', 7),
(263, '2025-07-22', '08:10:00', '17:00:00', 7),
(266, '2025-07-25', '08:00:00', '17:00:00', 7),
(269, '2025-07-28', '08:00:00', '17:00:00', 7),
(270, '2025-07-29', '08:00:00', '16:45:00', 7),
(272, '2025-07-21', '08:05:00', '17:10:00', 8),
(274, '2025-07-23', '08:15:00', '16:50:00', 8),
(275, '2025-07-24', '08:00:00', '16:45:00', 8),
(279, '2025-07-28', '08:30:00', '16:55:00', 8),
(280, '2025-07-29', '08:00:00', '17:00:00', 8),
(283, '2025-07-22', '08:10:00', '16:45:00', 9),
(284, '2025-07-23', '08:00:00', '16:45:00', 9),
(286, '2025-07-25', '08:05:00', '17:10:00', 9),
(289, '2025-07-28', '08:15:00', '17:00:00', 9),
(290, '2025-07-29', '08:00:00', '16:30:00', 9),
(292, '2025-07-21', '08:00:00', '17:00:00', 10),
(294, '2025-07-23', '08:10:00', '17:00:00', 10),
(296, '2025-07-25', '08:05:00', '16:45:00', 10),
(299, '2025-07-28', '08:00:00', '17:10:00', 10),
(300, '2025-07-29', '08:15:00', '17:00:00', 10),
(301, '2025-08-01', '14:10:23', '15:27:30', 2),
(302, '2025-08-01', '15:21:13', '15:21:37', 4),
(303, '2025-08-01', '15:33:18', '15:34:49', 1),
(304, '2025-08-06', '10:14:51', '15:28:48', 20),
(305, '2025-08-08', '10:14:19', '10:17:15', 4),
(306, '2025-08-08', '11:17:40', NULL, 15);

-- --------------------------------------------------------

--
-- Table structure for table `personnel`
--

CREATE TABLE `personnel` (
  `per_id` int(11) NOT NULL,
  `per_name` varchar(50) DEFAULT NULL,
  `per_lname` varchar(50) DEFAULT NULL,
  `per_department` enum('IT','QA','Finance') NOT NULL,
  `per_role` varchar(50) DEFAULT NULL,
  `per_status` enum('Active','Inactive','OnLeave','OnSickLeave') NOT NULL,
  `avatar_url` varchar(255) DEFAULT NULL
) ENGINE=InnoDB DEFAULT CHARSET=utf8mb4 COLLATE=utf8mb4_general_ci;

--
-- Dumping data for table `personnel`
--

INSERT INTO `personnel` (`per_id`, `per_name`, `per_lname`, `per_department`, `per_role`, `per_status`, `avatar_url`) VALUES
(1, 'Ahmet', 'Yılmaz', 'IT', 'Analyst', 'OnLeave', NULL),
(2, 'Ayşe', 'Demir', 'Finance', 'Manager', 'Active', '/uploads/user_anon_1754996570371.jpg'),
(3, 'Mehmet', 'Koç', 'IT', 'Engineer', 'Active', NULL),
(4, 'Zeynep', 'Kaya', 'IT', 'Intern', 'Inactive', NULL),
(5, 'Can', 'Arslan', 'QA', 'Accountant', 'Active', NULL),
(6, 'Elif', 'Aydın', 'Finance', 'Manager', 'OnLeave', NULL),
(7, 'Emre', 'Şahin', 'IT', 'Tester', 'Inactive', NULL),
(8, 'Fatma', 'Çelik', 'QA', 'Intern', 'OnLeave', NULL),
(9, 'Ali', 'Yıldız', 'QA', 'Analyst', 'OnSickLeave', NULL),
(10, 'Hülya', 'Öztürk', 'Finance', 'Tester', 'Active', NULL),
(11, 'Burak', 'Aslan', 'QA', 'Intern', 'OnLeave', NULL),
(12, 'Gamze', 'Doğan', 'IT', 'Intern', 'OnLeave', NULL),
(13, 'Mert', 'Polat', 'IT', 'Tester', 'Active', NULL),
(14, 'Selin', 'Güneş', 'QA', 'Accountant', 'Inactive', NULL),
(15, 'Okan', 'Aksoy', 'IT', 'Developer', 'Active', NULL),
(16, 'Nazlı', 'Bal', 'IT', 'Tester', 'OnLeave', NULL),
(17, 'Eren', 'Er', 'IT', 'Analyst', 'Inactive', NULL),
(18, 'Seda', 'Toprak', 'QA', 'Intern', 'Inactive', NULL),
(19, 'Kaan', 'Soylu', 'IT', 'Accountant', 'Active', '/uploads/user_anon_1754996539946.png'),
(20, 'Buse', 'Tan', 'IT', 'Intern', 'Inactive', NULL),
(300, 'ravad', 'nadam', 'IT', 'wr', 'Active', NULL),
(400, 'roro', 'nadam', '', 'aw', 'Active', '/uploads/personnel/person_400_1754992599717.png'),
(2142, 'daw', 'awfawf', '', 'afw', 'Active', '/uploads/personnel/person_2142_1754992820918.png');

--
-- Indexes for dumped tables
--

--
-- Indexes for table `admin_users`
--
ALTER TABLE `admin_users`
  ADD PRIMARY KEY (`id`),
  ADD UNIQUE KEY `username` (`username`);

--
-- Indexes for table `leave_request`
--
ALTER TABLE `leave_request`
  ADD PRIMARY KEY (`request_id`),
  ADD KEY `personnel_per_id` (`personnel_per_id`);

--
-- Indexes for table `pdks_entry`
--
ALTER TABLE `pdks_entry`
  ADD PRIMARY KEY (`pdks_id`),
  ADD KEY `personnel_per_id` (`personnel_per_id`);

--
-- Indexes for table `personnel`
--
ALTER TABLE `personnel`
  ADD PRIMARY KEY (`per_id`);

--
-- AUTO_INCREMENT for dumped tables
--

--
-- AUTO_INCREMENT for table `admin_users`
--
ALTER TABLE `admin_users`
  MODIFY `id` int(11) NOT NULL AUTO_INCREMENT, AUTO_INCREMENT=4;

--
-- AUTO_INCREMENT for table `leave_request`
--
ALTER TABLE `leave_request`
  MODIFY `request_id` int(11) NOT NULL AUTO_INCREMENT, AUTO_INCREMENT=6;

--
-- AUTO_INCREMENT for table `pdks_entry`
--
ALTER TABLE `pdks_entry`
  MODIFY `pdks_id` int(11) NOT NULL AUTO_INCREMENT, AUTO_INCREMENT=307;

--
-- AUTO_INCREMENT for table `personnel`
--
ALTER TABLE `personnel`
  MODIFY `per_id` int(11) NOT NULL AUTO_INCREMENT, AUTO_INCREMENT=2143;

--
-- Constraints for dumped tables
--

--
-- Constraints for table `leave_request`
--
ALTER TABLE `leave_request`
  ADD CONSTRAINT `leave_request_ibfk_1` FOREIGN KEY (`personnel_per_id`) REFERENCES `personnel` (`per_id`) ON DELETE CASCADE;

--
-- Constraints for table `pdks_entry`
--
ALTER TABLE `pdks_entry`
  ADD CONSTRAINT `pdks_entry_ibfk_1` FOREIGN KEY (`personnel_per_id`) REFERENCES `personnel` (`per_id`) ON DELETE CASCADE ON UPDATE CASCADE;
COMMIT;

/*!40101 SET CHARACTER_SET_CLIENT=@OLD_CHARACTER_SET_CLIENT */;
/*!40101 SET CHARACTER_SET_RESULTS=@OLD_CHARACTER_SET_RESULTS */;
/*!40101 SET COLLATION_CONNECTION=@OLD_COLLATION_CONNECTION */;
